OBJECTID,DISTRICT,SDID,CESA,LEAID,TYPE,PCT_NO,PCT_NO_AF,PCT_NO_AV,PCT_YES,PCT_DIST_1,PCT_RELIAB_1,PCT_PAR_UN,PCT_COM_UN,PCT_UNRELI,PCT_DIST_3,Shape__Area,Shape__Length
1,Abbotsford,0007,10,5500030,Unified,11.88119,18.33333,71.66666,88.11881,61.36087,64.73029,69.41177,30.58824,35.26971,58.56622,1198925458.1546,264732.005598648
2,Adams-Friendship Area,0014,5,5500060,Unified,3.926941,34.88372,53.48837,96.07306,78.6638,70.96466,93.0921,6.907895,29.03534,75.21552,13584582155.2146,613782.778544992
3,Albany,0063,2,5500120,Unified,7.569721,21.05263,52.63158,92.43028,84.51179,70.91634,80.82191,19.17808,29.08367,84.51179,1875889899.31562,396703.529250189
4,Algoma,0070,7,5500150,Unified,,,,,0,,,,,0,1905791914.56384,212725.497300036
5,Alma,0084,4,5500180,Unified,2.912621,,83.33334,97.08738,83.06451,63.23529,80,20,36.76471,82.25806,3819825454.70317,865623.861789474
6,Alma Center,0091,4,5500210,Unified,5.031446,58.33333,33.33333,94.96855,81.12245,58.9404,89.78494,10.21505,41.0596,77.04082,3725875985.6685,383589.801160723
7,Almond-Bancroft,0105,5,5500240,Unified,10.08902,41.17647,52.94118,89.91098,85.31645,69.69697,71,29,30.30303,83.5443,3023026323.69196,465671.251346543
8,Altoona,0112,10,5500270,Unified,2.307692,61.11111,33.33333,97.69231,82.40887,90.15102,94.66666,5.333333,9.848982,80.45431,363871986.158287,189954.608167264
9,Amery,0119,11,5500300,Unified,7.142857,62.5,15.625,92.85714,30.3523,38.83929,82.84672,17.15328,61.16071,30.3523,4544289877.82799,635404.528146738
10,Antigo Unified,0140,9,5500360,Unified,8.213257,38.59649,57.89474,91.78674,32.891,60.80692,83.08823,16.91176,39.19308,32.891,15137053204.493,780691.450072072
11,Appleton Area,0147,6,5500390,Unified,2.583953,43.96887,48.63813,97.41605,63.58928,82.49548,87.19127,12.80873,17.50452,63.58928,1244386937.8555,190810.326185828
12,Arcadia,0154,4,5500420,Unified,6.001559,16.88312,61.03896,93.99844,98.2389,80.59236,63.45382,36.54618,19.40764,98.2389,5965067493.23605,784297.429903894
13,Argyle,0161,3,5500450,Unified,5.535055,6.666667,73.33334,94.46494,93.12715,65.4902,92.04546,7.954545,34.5098,87.62887,2323512599.00486,498446.035334038
14,Arrowhead UHS,2450,1,5506180,Secondary,0.05347594,,,99.94653,89.77436,87.43935,98.71245,1.287554,12.56065,89.05424,1882806888.07137,240501.664543156
15,Ashland,0170,12,5500510,Unified,8.289768,9.009009,71.17117,91.71023,68.59631,68.81029,92.01031,7.989691,31.18971,63.72951,11414589945.4816,780839.691659072
16,Ashwaubenon,0182,7,5500540,Unified,,,,,0,,,,,0,282316988.875061,112849.462001604
17,Athens,0196,9,5500570,Unified,,,,100,0.6651885,100,,,,0.6651885,4362404965.00665,355443.645135287
18,Auburndale,0203,5,5500600,Unified,1.6,100,,98.4,30.41363,37.6,95.51282,4.487179,62.4,30.41363,4208388079.90137,463814.778510935
19,Augusta,0217,10,5500630,Unified,,,,,0,,,,,0,4622058491.44757,483712.496967509
20,Baldwin-Woodville Area,0231,11,5500720,Unified,2.011096,27.58621,41.37931,97.98891,82.4,77.45583,94.35737,5.642633,22.54417,80.85714,3231784147.47411,531507.85373002
21,Bangor,0245,4,5500780,Unified,3.050848,22.22222,22.22222,96.94915,47.35152,63.63636,89.42308,10.57692,36.36364,45.9069,2646636011.33897,413902.15876792
22,Baraboo,0280,5,5500810,Unified,3.059923,48.61111,45.83333,96.94008,81.92897,78.66553,88.44621,11.55379,21.33447,81.92897,4410617041.4947,413454.135948205
23,Barneveld,0287,3,5500840,Unified,,,,,0,,,,,0,1873703349.31359,233911.442744556
24,Barron Area,0308,11,5500870,Unified,4.774305,30.90909,58.18182,95.22569,99.13941,81.85764,80.38277,19.61723,18.14236,99.13941,5054940792.64594,763899.115534286
25,Bayfield,0315,12,5500900,Unified,,,,100,22.40964,41.93548,98.14815,1.851852,58.06452,22.40964,6052369310.23242,1208076.78038237
26,Beaver Dam Unified,0336,6,5500960,Unified,3.311966,23.65591,46.23656,96.68803,84.27371,83.99554,95.82367,4.176334,16.00446,80.82233,3256915721.59871,440749.852095562
27,Beecher-Dunbar-Pembine,4263,8,5511550,Unified,15.15152,44,48,84.84849,68.18182,57.85714,98.30508,1.694915,42.14286,57.85124,6188331988.16388,378683.564906433
28,Belleville,0350,2,5500990,Unified,3.142536,3.571429,78.57143,96.85746,95.19231,78.28107,97.3262,2.673797,21.71893,91.98718,1997753523.11882,380660.955863129
29,Belmont Community,0364,3,5501020,Unified,,,,,0,,,,,0,2828735687.53585,385560.357474666
30,Beloit,0413,2,5501050,Unified,2.289547,41.41414,50.50505,97.71046,74.21902,80.61684,86.78091,13.21909,19.38316,72.34809,489369484.31382,212869.24555319
31,Beloit Turner,0422,2,5501080,Unified,1.619171,8,72,98.38083,93.23672,85.45096,93.66516,6.334842,14.54905,91.72705,840171178.388573,296633.354946969
32,Benton,0427,3,5501110,Unified,5.687204,58.33333,25,94.3128,96.78899,86,85.71429,14.28571,14,91.74312,905677791.195108,435845.015174664
33,Berlin Area,0434,6,5501140,Unified,4.008667,5.405406,51.35135,95.99133,63.52374,74.64789,85.89744,14.10256,25.35211,63.52374,5753759169.7473,644737.311925474
34,Big Foot UHS,6013,2,5515480,Secondary,1.37931,,100,98.62069,59.06314,78.20069,87.30159,12.69841,21.79931,58.85947,2123013356.75923,319628.807085738
35,Birchwood,0441,11,5501170,Unified,3.636364,100,,96.36364,37.54266,59.09091,84.44444,15.55556,40.90909,37.54266,6467244018.85775,560452.290285875
36,Black Hawk,2240,3,5505730,Unified,13.33333,100,,86.66666,4.065041,41.66667,100,,58.33333,3.252033,3730094465.26705,662868.899420773
37,Black River Falls,0476,4,5501260,Unified,2.915452,30,53.33333,97.08455,63.01286,71.57157,96.12676,3.87324,28.42843,61.17575,13021437768.8609,879398.189057967
38,Blair-Taylor,0485,4,5500016,Unified,10.60071,28.33333,51.66667,89.39929,88.29953,65.08876,85.87571,14.12429,34.91124,79.09516,4917273461.34212,622269.32957861
39,Bloomer,0497,10,5501350,Unified,2.546093,34.48276,48.27586,97.4539,89.05395,82.48639,88.60104,11.39896,17.51361,86.16106,4713337672.139,531298.742780143
40,Bonduel,0602,8,5501470,Unified,7.340946,24.44444,64.44444,92.65906,85.85434,55.71178,90.07937,9.920635,44.28822,79.69188,4149172743.51193,510275.68735025
41,Boscobel Area,0609,3,5501500,Unified,7.507082,35.84906,35.84906,92.49292,94.25901,64.42748,90.12875,9.871244,35.57252,87.44994,4879349653.35702,788969.865949361
42,Bowler,0623,8,5501560,Unified,,,,,0,,,,,0,3498300575.01361,293034.702191066
43,Boyceville Community,0637,11,5501590,Unified,10.11236,14.81481,44.44444,89.88764,37.08333,53.94191,93.6937,6.306306,46.05809,33.47222,4523146499.0214,801430.34875424
44,Brighton #1,0657,2,5501650,Elementary,4.324324,75,25,95.67567,96.85863,71.75141,94,6,28.24859,92.67016,940000664.51157,140712.677272287
45,Brillion,0658,7,5501680,Unified,3.043968,37.03704,48.14815,96.95603,90.14227,72.24158,94.56067,5.439331,27.75842,87.5,1771389795.56122,432273.369648733
46,Bristol #1,0665,2,5501710,Elementary,2.149178,5.882353,82.35294,97.85082,94.2789,81.19325,88.27586,11.72414,18.80674,91.89511,910345558.325375,130940.308748826
47,Brodhead,0700,2,5501740,Unified,2.284528,27.27273,45.45454,97.71547,91.0208,76.76659,94.93088,5.069124,23.2334,88.27977,2769761927.3556,505744.729312299
48,Brown Deer,0721,1,5501800,Unified,1.480052,21.73913,43.47826,98.51995,89.61938,83.95547,94.69388,5.306122,16.04453,88.06229,124147601.780426,57752.6359403717
49,Bruce,0735,10,5501830,Unified,,,,,0,,,,,0,7553489831.57616,631569.653269526
50,Burlington Area,0777,2,5501890,Unified,1.496652,39.47368,39.47368,98.50335,83.46483,88.19976,94.19795,5.802048,11.80024,81.62393,2777476724.90429,341875.184971587
51,Butternut,0840,12,5501920,Unified,,,,,0,,,,,0,6514566629.02312,473328.584591696
52,Cadott Community,0870,10,5502040,Unified,10.69837,18.05556,66.66666,89.30164,79.08344,53.0782,85.46099,14.53901,46.9218,70.6228,4251614656.64533,471902.95339778
53,Cambria-Friesland,0882,5,5502070,Unified,,,,,0,,,,,0,2333469082.89095,492573.693452733
54,Cambridge,0896,2,5502100,Unified,3.012913,28.57143,71.42857,96.98709,74.94624,70.62228,85.71429,14.28571,29.37771,74.30108,1804549471.55312,395828.131548022
55,Cameron,0903,11,5502130,Unified,2.773246,5.882353,76.47059,97.22675,52.89042,86.44068,85,15,13.55932,50.90595,1954119828.81329,371558.237270873
56,Campbellsport,0910,6,5502160,Unified,4.705004,17.46032,71.42857,95.295,99.5539,55.84314,94.13854,5.861456,44.15686,94.79554,4993020751.96678,533519.398934151
57,Cashton,0980,4,5502340,Unified,5.203252,37.5,56.25,94.79675,97.15639,58.61486,91.83673,8.163265,41.38514,93.5229,3271029867.39643,677452.246791887
58,Cassville,0994,3,5502400,Unified,,,,100,3.448276,100,,,,3.448276,2523594998.54942,655651.597950991
59,Cedar Grove-Belgium Area,1029,7,5502430,Unified,,,,,0,,,,,0,1057475914.12053,237133.667595168
60,Cedarburg,1015,1,5502460,Unified,0.2251528,28.57143,28.57143,99.77485,98.542,80.23856,98.36868,1.631321,19.76144,98.32013,972286467.667786,168591.324990865
61,Central/Westosha UHS,5054,2,5513290,Secondary,2.40096,20,65,97.59904,70.29536,84.39376,86.15385,13.84615,15.60624,70.29536,3908790888.31165,358537.032299795
62,Chequamegon,1071,12,5500058,Unified,,,,,0,,,,,0,20581033961.7283,1003826.23613288
63,Chetek-Weyerhaeuser Area,1080,11,5500061,Unified,4.189944,23.33333,56.66667,95.81006,72.17742,76.88953,93.08176,6.918239,23.11047,69.35484,7116102282.35632,740918.058321508
64,Chilton,1085,7,5502520,Unified,,,,,0,,,,,0,2879885245.68622,538990.464860213
65,Chippewa Falls Area Unified,1092,10,5502550,Unified,2.13297,29.78723,63.82979,97.86703,89.22859,84.18425,86.51363,13.48637,15.81575,89.22859,6298868654.67733,548984.566671841
66,Clayton,1120,11,5502580,Unified,,,,100,0.330033,100,,,,0.330033,1609565612.85388,321188.295908197
67,Clear Lake,1127,11,5502610,Unified,5.895691,53.84615,46.15385,94.10431,75.5137,62.80193,94.15585,5.844156,37.19807,70.89041,3010242431.58613,407832.904415366
68,Clinton Community,1134,2,5502640,Unified,1.949318,40,40,98.05068,93.95605,74.7495,94.44444,5.555555,25.2505,91.39194,3111872567.04233,371289.03560603
69,Clintonville,1141,8,5502670,Unified,6.430155,32.75862,56.89655,93.56985,75.67114,67.65755,90.44118,9.558824,32.34245,70.55369,4578427306.97171,485352.012736434
70,Cochrane-Fountain City,1155,4,5502700,Unified,1.848429,10,60,98.15157,95.92199,79.2976,86.60714,13.39286,20.7024,95.92199,4484646482.21914,756539.899121471
71,Colby,1162,10,5502730,Unified,12.78539,41.66667,41.66667,87.21461,67.1093,55.55556,71.57534,28.42466,44.44444,67.1093,4561564582.39197,535087.626212231
72,Coleman,1169,8,5502760,Unified,13.54642,33.70787,53.93258,86.45358,92.14586,48.04964,91.80888,8.191126,51.95036,79.10239,5345227648.94788,509658.838567978
73,Colfax,1176,11,5502790,Unified,3.434343,29.41176,70.58823,96.56566,64.70588,57.9798,85.57692,14.42308,42.0202,64.70588,5126050160.70813,617864.235142568
74,Columbus,1183,5,5502820,Unified,5.732484,31.74603,68.25397,94.26752,88.77222,74.52229,82.5,17.5,25.47771,88.77222,3704729601.21063,521503.084307581
75,Cornell,1204,10,5502880,Unified,,,,,0,,,,,0,2820621245.79042,326784.859436726
76,Crandon,1218,8,5502910,Unified,4.187192,14.70588,29.41176,95.81281,92.8,68.35279,95.49181,4.508197,31.64721,88.11429,14772824332.8104,790289.218786856
77,Crivitz,1232,8,5502970,Unified,,,,,0,,,,,0,7955618433.79181,521218.530325248
78,Cuba City,1246,3,5503030,Unified,4.285714,29.16667,50,95.71429,79.32011,,,,,0,2193629915.28632,665125.333897959
79,Cudahy,1253,1,5503060,Unified,3.837155,36.58537,54.87805,96.16284,95.74373,81.85347,78.60963,21.39038,18.14653,92.33871,133222463.23214,48363.394599086
80,Cumberland,1260,11,5503090,Unified,,,,,0,,,,,0,5210967326.86478,468123.447248266
81,D C Everest Area,4970,9,5513170,Unified,1.335193,,91.04478,98.66481,82.23534,85.95058,87.37589,12.62411,14.04942,82.23534,4509937392.89163,366775.492049129
82,Darlington Community,1295,3,5503150,Unified,,,,,0,,,,,0,4460314590.52544,785111.430050739
83,De Pere,1414,7,5503210,Unified,1.959018,28.73563,64.36781,98.04099,96.8382,86.51205,92.48748,7.512521,13.48795,96.8382,1769793533.54269,317706.309579455
84,De Soto Area,1421,4,5503240,Unified,,,,,0,,,,,0,4284238605.45045,579203.768512758
85,Deerfield Community,1309,2,5503270,Unified,2.16763,40,46.66667,97.83237,93.13593,69.82249,95.09804,4.901961,30.17752,90.98251,1152540070.80083,365356.431820799
86,DeForest Area,1316,2,5503180,Unified,1.579739,30.15873,63.49206,98.42026,97.60157,86.62746,89.29254,10.70746,13.37254,95.71708,2491429576.90296,368597.530327606
87,Delavan-Darien,1380,2,5503640,Unified,3.679654,32.35294,57.35294,96.32034,98.56,83.11688,79.80769,20.19231,16.88312,98.56,2750804936.24959,367124.52152437
88,Denmark,1407,7,5503660,Unified,3.994674,10,73.33334,96.00533,46.84966,63.249,89.13043,10.86957,36.751,46.84966,3928381448.57047,408037.308694099
89,Dodgeland,2744,6,5507260,Unified,4.166667,50,50,95.83334,6.27451,68.75,73.33334,26.66667,31.25,6.27451,2374448307.27831,545736.590099846
90,Dodgeville,1428,3,5503690,Unified,2.946429,12.12121,87.87878,97.05357,99.02741,79.46429,86.95652,13.04348,20.53572,99.02741,5239324431.46728,765410.006332354
91,Dover #1,1449,2,5503750,Elementary,,,,,0,,,,,0,314758382.859261,86218.6227208706
92,Drummond Area,1491,12,5503810,Unified,1.145038,,100,98.85497,77.7448,98.85497,33.33333,66.66666,1.145038,77.7448,18861529393.9052,646133.449896302
93,Durand-Arkansaw,1499,11,5503840,Unified,0.5347593,,100,99.46524,37.251,83.60215,98.36066,1.639344,16.39785,37.05179,8233602445.12843,1303856.04585298
94,East Troy Community,1540,2,5504020,Unified,2.168022,37.5,43.75,97.83198,96.03123,79.58188,96.24574,3.754266,20.41812,93.36369,2578118891.40805,281369.79503483
95,Eau Claire Area,1554,10,5504050,Unified,7.046843,34.10405,32.36994,92.95316,21.85136,85.79352,68.16817,31.83183,14.20648,20.86337,5494568500.3539,895518.421054027
96,Edgar,1561,9,5504080,Unified,3.431373,57.14286,42.85714,96.56863,33.11688,47.54902,80.37383,19.62617,52.45098,33.11688,2271681433.18936,377819.457735786
97,Edgerton,1568,2,5504110,Unified,1.503341,44.44444,55.55556,98.49666,94.3773,82.29398,93.39622,6.603774,17.70601,94.3773,2559114621.94438,313380.301692184
98,Elcho,1582,9,5504170,Unified,,,,,0,,,,,0,8998055688.37976,494919.733685659
99,Eleva-Strum,1600,10,5504200,Unified,,,,,0,,,,,0,3501603246.06437,468580.181892953
100,Elk Mound Area,1645,11,5504230,Unified,,,,,0,,,,,0,2474860301.53275,425913.31574711
101,Elkhart Lake-Glenbeulah,1631,7,5504260,Unified,1.948052,55.55556,22.22222,98.05195,98.08917,66.44592,97.36842,2.631579,33.55408,96.17834,1515595290.19128,521010.991842103
102,Elkhorn Area,1638,2,5504290,Unified,1.880878,42.59259,40.74074,98.11913,77.3021,80.8881,96.4684,3.531599,19.1119,75.79429,2452360800.642,390742.713395107
103,Ellsworth Community,1659,11,5504320,Unified,6.134969,40,56,93.86503,49.0373,53.12883,81.93717,18.06283,46.87117,49.0373,6437362846.53426,511721.673599696
104,Elmbrook,0714,1,5501770,Unified,,,,,0,,,,,0,916376025.835022,146178.238932535
105,Elmwood,1666,11,5504350,Unified,1.333333,33.33333,66.66666,98.66666,67.97583,72.97298,98.33334,1.666667,27.02703,67.06949,2732566697.41947,451797.185213893
106,Erin,1687,6,5504410,Elementary,2.465753,44.44444,22.22222,97.53425,90.12346,67.13483,98.2906,1.709402,32.86517,87.90124,671604297.751373,146769.92703865
107,Evansville Community,1694,2,5504440,Unified,2.097429,38.70968,35.48387,97.90257,84.21652,80.62284,97.14286,2.857143,19.37716,82.33618,2913607394.78923,480454.762330977
108,Fall Creek,1729,10,5504500,Unified,,,,,0,,,,,0,2978070755.58934,478958.317446115
109,Fall River,1736,5,5504530,Unified,,,,,0,,,,,0,1353291028.62726,372260.566362922
110,Fennimore Community,1813,3,5504590,Unified,6.216216,26.08696,50,93.78378,92.61577,66.56977,93.04348,6.956522,33.43023,86.10764,4077315377.91754,668326.527869185
111,Flambeau,5757,10,5514970,Unified,100,,,,0.203666,,,100,100,0.203666,11229399222.5678,623826.92124015
112,Florence,1855,8,5504650,Unified,5.882353,43.75,31.25,94.11765,66.34146,64.50381,89.24731,10.75269,35.49618,63.90244,13865066179.2557,606902.827375969
113,Fond Du Lac,1862,6,5504680,Unified,3.197832,46.89265,43.50283,96.80217,80.39216,84.20071,87.72137,12.27863,15.79929,77.86492,2238788180.86737,386814.61407744
114,Fontana J8,1870,2,5504720,Elementary,,,,,0,,,,,0,344933238.763695,126430.085994074
115,Fort Atkinson,1883,2,5504740,Unified,4.045038,18.5567,41.23711,95.95496,90.59312,76.35811,96.50735,3.492647,23.6419,86.9286,3028180179.08584,455535.288447645
116,Fox Point J2,1890,1,5504800,Elementary,,,,100,5.017104,90.90909,100,,9.090909,5.017104,105082256.560074,63406.5142195043
117,Franklin Public,1900,1,5504830,Unified,0.7372301,,100,99.26277,77.93967,,,,,0,808334315.433475,151738.29699589
118,Frederic,1939,11,5504860,Unified,4.289544,31.25,68.75,95.71046,83.07349,74.26273,82.29166,17.70833,25.73726,83.07349,4253681467.70119,385387.236010703
119,Freedom Area,1953,6,5504920,Unified,2.836879,4.545455,72.72727,97.16312,97.24138,70.98273,92.21968,7.78032,29.01726,94.42006,2108863286.77737,264398.027389055
120,Galesville-Ettrick-Trempealeau,2009,4,5504960,Unified,24.49568,22.35294,76.47059,75.50433,24.82117,78.03468,90.78947,9.210526,21.96532,24.74964,5032422181.43315,478742.105494478
121,Geneva J4,2044,2,5505100,Elementary,,,,,0,,,,,0,171116648.710398,66274.1246019508
122,Genoa City J2,2051,2,5505130,Elementary,,,,,0,,,,,0,507472816.441814,132742.339471604
123,Germantown,2058,1,5505160,Unified,0.3558719,7.692307,69.23077,99.64413,94.14948,86.41125,97.76876,2.231237,13.58875,93.50516,1598047278.55037,243080.678089606
124,Gibraltar Area,2114,7,5505220,Unified,5.11811,7.692307,53.84615,94.88189,47.92453,54.32099,93.6937,6.306306,45.67901,45.84906,3873688455.43201,677684.921128175
125,Gillett,2128,8,5505250,Unified,,,,,0,,,,,0,3095778284.36554,346006.036212204
126,Gilman,2135,10,5505280,Unified,3.389831,,100,96.61017,16.71388,47.45763,83.87096,16.12903,52.54237,16.71388,9324779181.9599,607706.909271336
127,Gilmanton,2142,10,5505370,Unified,5.072464,100,,94.92754,100,69.56522,52.38095,47.61905,30.43478,100,2675616801.75009,344880.678574892
128,Glendale-River Hills,2184,1,5505460,Elementary,100,,100,,0.1001001,,,100,100,0.1001001,180882834.522888,98710.4835887007
129,Glenwood City,2198,11,5505520,Unified,5.252525,61.53846,34.61538,94.74747,76.86336,58.02469,86.76471,13.23529,41.97531,75.46584,3224484699.31401,588237.581051496
130,Goodman-Armstrong Creek,2212,8,5505580,Unified,,,,,0,,,,,0,4436142100.07751,301364.651589651
131,Grafton,2217,1,5505610,Unified,,,,100,96.74797,100,,,,96.74797,600253914.924759,173500.870737123
132,Granton Area,2226,10,5505640,Unified,8.415842,58.82353,23.52941,91.58416,86.32478,53.9604,81.72043,18.27957,46.0396,86.32478,2168115966.56949,318409.751665051
133,Grantsburg,2233,11,5505670,Unified,,,,,0,,,,,0,7338462447.58379,466350.808113965
134,Green Bay Area,2289,7,5505820,Unified,6.465915,34,53,93.53409,54.57754,76.28857,74.13323,25.86677,23.71144,54.57754,2696825892.38977,415014.718585375
135,Green Lake,2310,6,5505880,Unified,0.3424658,100,,99.65753,90.96573,98.9726,100,,1.027397,90.96573,1147411663.16235,312764.650277553
136,Greendale,2296,1,5505910,Unified,0.7890366,52.63158,47.36842,99.21096,88.79056,89.53488,95.63492,4.365079,10.46512,88.79056,155293434.787266,66980.6700881533
137,Greenfield,2303,1,5505940,Unified,0.4354136,33.33333,66.66666,99.56458,19.87309,84.90566,97.11539,2.884615,15.09434,19.87309,205522044.841743,150795.090161325
138,Greenwood,2394,10,5505970,Unified,6.060606,100,,93.93939,8.753316,60.60606,100,,39.39394,8.753316,4160023949.00929,398412.649696435
139,Gresham,2415,8,5500056,Unified,11.29943,50,35,88.70056,60.20408,48.85057,80.89888,19.10112,51.14943,59.18367,1559214635.43314,233972.614615805
140,Hamilton,2420,1,5506030,Unified,0.6688963,41.17647,35.29412,99.3311,99.84286,88.62876,92.73357,7.266436,11.37124,99.84286,1064746038.40186,201269.359052899
141,Hartford J1,2443,6,5506090,Elementary,2.426838,44.11765,38.23529,97.57316,87.94727,83.72607,93.21267,6.78733,16.27393,85.24796,1365360114.63367,323675.789954407
142,Hartford UHS,2436,6,5506120,Secondary,1.81956,29.16667,50,98.18044,98.50635,77.61425,94.46367,5.536332,22.38575,96.41524,5057427014.77788,587676.986917123
143,Hartland-Lakeside J3,2460,1,5506140,Elementary,1.433297,53.84615,38.46154,98.5667,77.06033,88.32772,88.46154,11.53846,11.67228,75.70094,267955602.22625,107047.792549981
144,Hayward Community,2478,12,5506270,Unified,4.068659,31.25,56.25,95.93134,80.13245,68.91192,90.2381,9.761905,31.08808,68.82323,17108748376.9324,722313.541872525
145,Herman-Neosho-Rubicon,2525,6,5500075,Elementary,,,,,0,,,,,0,2292259460.53348,418800.965839229
146,Highland,2527,3,5506420,Unified,,,,,0,,,,,0,2028493544.59288,337257.830508552
147,Hilbert,2534,7,5506450,Unified,,,,,0,,,,,0,1482824354.85577,315766.777794464
148,Hillsboro,2541,4,5506480,Unified,3.72093,62.5,25,96.27907,39.74122,71.16279,85.48387,14.51613,28.83721,39.74122,3897434046.10653,627784.133006648
149,Holmen,2562,4,5506540,Unified,1.261167,33.33333,64.58334,98.73883,96.11111,84.62953,90.42735,9.57265,15.37047,96.11111,2806436069.46783,391879.262150679
150,Holy Hill Area,2570,6,5500080,Elementary,0.5952381,,100,99.40476,99.2126,86.42715,97.05882,2.941176,13.57285,98.62205,728202554.311478,192067.584795401
151,Horicon,2576,6,5506570,Unified,2.277433,72.72727,27.27273,97.72256,61.76471,79.50311,87.87878,12.12121,20.49689,61.76471,1463690346.1669,377342.843971252
152,Hortonville Area,2583,6,5506600,Unified,2.854483,21.73913,60.86956,97.14552,73.85426,84.97607,92.78132,7.218684,15.02392,71.83776,3059852529.38147,347432.425096716
153,Howard-Suamico,2604,7,5506630,Unified,0.3406188,33.33333,66.66666,99.65938,59.30976,88.9015,98.97698,1.023018,11.0985,59.30976,1533631661.86841,389487.703382676
154,Howards Grove,2605,7,5506660,Unified,1.118012,,66.66666,98.88199,88.46154,73.71069,97.12919,2.870813,26.28931,87.36264,1443284604.55365,369144.291020895
155,Hudson,2611,11,5506690,Unified,2.135231,22.22222,57.77778,97.86477,75.83663,84.75595,90.0631,9.936909,15.24405,74.82908,1862683497.84695,384812.906361312
156,Hurley,2618,12,5506750,Unified,1.882845,11.11111,44.44444,98.11716,86.43761,78.17796,89.32039,10.67961,21.82203,85.35262,13413987138.5503,667642.49930083
157,Hustisford,2625,6,5506780,Unified,6.709265,57.14286,38.09524,93.29073,98.42767,72.52396,77.90697,22.09302,27.47604,98.42767,1433783593.22789,454695.286939998
158,Independence,2632,4,5506810,Unified,,,,,0,,,,,0,2629834791.26622,495474.522983102
159,Iola-Scandinavia,2639,5,5506840,Unified,2.474227,33.33333,58.33333,97.52577,81.92567,59.57447,94.73684,5.263158,40.42553,79.39189,3725547610.97888,434052.441413992
160,Iowa-Grant,2646,3,5506870,Unified,6.497623,36.58537,39.02439,93.50238,89.37677,72.10777,78.40909,21.59091,27.89223,89.37677,4614796293.57216,707542.806819901
161,Ithaca,2660,3,5506960,Unified,5.389222,77.77778,22.22222,94.61078,41.03194,31.70732,89.28571,10.71429,68.29269,40.29484,2435403208.03138,721789.306097847
162,Janesville,2695,2,5507020,Unified,,,,,0,,,,,0,2375659239.01661,248380.326790485
163,Jefferson,2702,2,5507050,Unified,,,,100,0.05605381,100,,,,0.05605381,2956989079.15869,513166.462398369
164,Johnson Creek,2730,2,5507170,Unified,2.646503,,64.28571,97.3535,83.30708,80.43053,92,8,19.56947,80.47244,1187645355.24957,375711.585339961
165,Juda,2737,2,5507230,Unified,4.8583,50,33.33333,95.1417,89.16968,60.68376,85.86957,14.13043,39.31624,84.47653,1592500446.76401,370654.692655855
166,Kaukauna Area,2758,6,5507290,Unified,1.736575,41.53846,53.84615,98.26343,92.10138,85.76009,90.43152,9.56848,14.23991,92.10138,1940416110.97314,338842.315308783
167,Kenosha,2793,1,5507320,Unified,2.925743,39.67391,41.84783,97.07426,92.8997,78.29014,86.9873,13.0127,21.70986,92.8997,2390677892.78331,225572.657585784
168,Kettle Moraine,1376,1,5503510,Unified,0.7479224,33.33333,55.55556,99.25208,99.86169,87.95014,93.79311,6.206897,12.04986,99.86169,2295310813.33355,404469.470255696
169,Kewaskum,2800,6,5507380,Unified,4.706566,38.27161,49.38272,95.29343,94.40483,64.18548,94.71891,5.28109,35.81452,89.90675,3938168798.88458,446185.198445054
170,Kewaunee,2814,7,5507410,Unified,9.189189,22.05882,73.52941,90.81081,81.05148,57.83784,80.1282,19.8718,42.16216,81.05148,3601436948.31488,313127.024271074
171,Kickapoo Area,5960,3,5512540,Unified,1.66205,50,50,98.33795,75.05197,85.02825,96.22642,3.773585,14.97175,73.59667,4139511410.68977,687318.988633283
172,Kiel Area,2828,7,5507440,Unified,1.416431,33.33333,60,98.58357,84.58466,69.96161,92.65176,7.348243,30.03839,83.22684,3037227710.63535,413528.763014178
173,Kimberly Area,2835,6,5507470,Unified,,,,,0,,,,,0,373785232.907288,103345.651045374
174,Kohler,2842,7,5507500,Unified,0.1402525,100,,99.85975,97.53762,86.05634,91.91919,8.080808,13.94366,97.12722,298086924.787292,152116.254390934
175,La Crosse,2849,4,5507530,Unified,2.864283,44.96644,30.87248,97.13572,82.42751,86.55261,95.11834,4.881657,13.44738,79.65457,2689872428.18084,509957.665921908
176,La Farge,2863,4,5507560,Unified,2.01005,,100,97.98995,80.5668,84.375,96.66666,3.333333,15.625,77.7328,1983554647.01403,343719.477827434
177,Lac du Flambeau #1,1848,9,5504620,Elementary,,,,,0,,,,,0,3565083411.67548,277761.244685306
178,Ladysmith,2856,10,5507590,Unified,5.196629,37.83784,40.54054,94.80337,90.58524,72.99703,92.30769,7.692307,27.00297,85.75063,3054533658.32053,379946.405492544
179,Lake Country,3862,1,5500013,Elementary,,,,100,95.80838,91.42259,100,,8.577406,95.40918,248635884.123665,110109.859551998
180,Lake Geneva-Genoa City UHS,2884,2,5507650,Secondary,,,,100,0.8301887,100,,,,0.8301887,2673999401.02453,318692.673439753
181,Lake Geneva J1,2885,2,5507620,Elementary,13.33333,25,75,86.66666,1.569859,86.20689,50,50,13.7931,1.51753,1562350987.56659,302336.9795376
182,Lake Holcombe,2891,10,5507680,Unified,,,,,0,,,,,0,5062956870.42179,428604.854467006
183,Lake Mills Area,2898,2,5507710,Unified,,,,,0,,,,,0,2169075542.67972,435249.6390215
184,Lakeland UHS,3647,9,5509630,Secondary,5.740988,25.5814,69.76744,94.25901,95.05076,59.67957,90.39735,9.602649,40.32043,95.05076,20972636989.8749,760865.619740935
185,Lancaster Community,2912,3,5507770,Unified,2.073733,66.66666,33.33333,97.92627,44.74227,70.73733,87.40157,12.59842,29.26267,44.74227,4070662383.35391,825606.240783308
186,Laona,2940,8,5507830,Unified,1.587302,100,,98.4127,65.625,64.55026,89.55224,10.44776,35.44973,65.625,6774925507.95636,441872.024127013
187,Lena,2961,8,5507860,Unified,,,,,0,,,,,0,2421380010.68817,256734.043409103
188,Linn J4,3087,2,5508040,Elementary,,,,,0,,,,,0,433051279.553329,110046.18554912
189,Linn J6,3094,2,5508070,Elementary,,,,100,1.30719,100,,,,1.30719,471306648.266785,126258.392706858
190,Little Chute Area,3129,6,5508160,Unified,2.773613,40.54054,59.45946,97.22639,81.79031,81.55922,84.14634,15.85366,18.44078,81.79031,88455943.1203003,46723.877042015
191,Lodi,3150,5,5508190,Unified,1.995305,58.82353,41.17647,98.00469,55.75916,64.43662,95.70957,4.290429,35.56338,55.75916,2678918623.47861,335086.265247174
192,Lomira,3171,6,5508220,Unified,2.815315,24,64,97.18468,84.73283,78.59649,95.62842,4.371585,21.40351,81.58397,2064692309.68419,405387.521472001
193,Loyal,3206,10,5508250,Unified,9.414226,20,64.44444,90.58578,95.40918,53.9749,77.72727,22.27273,46.0251,95.40918,3146692226.37717,422760.397245945
194,Luck,3213,11,5508280,Unified,0.8174387,100,,99.18256,91.29353,95.35519,94.11765,5.882353,4.644809,91.04478,3055559117.64363,499964.506559781
195,Luxemburg-Casco,3220,7,5508340,Unified,,,,,0,,,,,0,4783341267.66956,382781.764806428
196,Madison Metropolitan,3269,2,5508520,Unified,2.55707,43.65559,35.49849,97.44293,97.80875,90.48244,79.62663,20.37338,9.517556,97.80875,2685748711.01384,772066.127157523
197,Manawa,3276,6,5508550,Unified,5.253623,37.93103,44.82759,94.74638,94.03748,60.57143,96.13527,3.864734,39.42857,89.43782,3065948886.01285,347076.545175238
198,Manitowoc,3290,7,5508610,Unified,15.77181,52.12766,26.59575,84.22819,11.96787,71.47651,48.23529,51.76471,28.52349,11.96787,2582902184.52313,355772.381174169
199,Maple,3297,12,5508640,Unified,2.347418,20,55,97.65258,64.98856,61.95006,95.625,4.375,38.04994,64.14951,12463685986.9749,621545.637222413
200,Maple Dale-Indian Hill,1897,1,5504770,Elementary,0.245098,,100,99.75491,93.15069,95.83334,94.11765,5.882353,4.166667,93.15069,173704940.516785,61345.6156523481
201,Marathon City,3304,9,5508670,Unified,,,,,0,,,,,0,2902762496.84982,374886.084937028
202,Marinette,3311,8,5508700,Unified,3.896104,52.63158,28.07018,96.1039,71.92724,81.61817,84.94209,15.05791,18.38183,69.27237,2715561718.7796,464938.456994374
203,Marion,3318,8,5508730,Unified,5.491991,8.333333,70.83334,94.50801,95,63.61386,87.07483,12.92517,36.38614,87.82609,3545836777.11545,448155.284924969
204,Markesan,3325,6,5508760,Unified,,,,,0,,,,,0,4960436916.22243,628419.213341172
205,Marshall,3332,2,5508790,Unified,,,,,0,,,,,0,1557498974.94682,244900.971208062
206,Marshfield Unified,3339,5,5508820,Unified,7.540984,23.18841,44.92754,92.45901,22.9784,83.06075,80,20,16.93925,21.49673,5274311468.02368,526591.908639517
207,Mauston,3360,5,5508850,Unified,11.55116,24.28572,55,88.44884,83.35626,63.17336,79.52128,20.47872,36.82664,70.22009,5801932373.97761,546347.968062754
208,Mayville,3367,6,5508880,Unified,2.166847,50,40,97.83315,86.66666,73.66666,96.62447,3.375527,26.33333,84.50704,2728157452.96123,472430.646024388
209,Mcfarland,3381,2,5508910,Unified,0.669413,7.692307,84.61539,99.33059,30.36273,86.71473,94.96124,5.03876,13.28527,30.36273,648788368.554173,267905.529580489
210,Medford Area Public,3409,10,5508940,Unified,3.884965,24.67533,50.64935,96.11504,60.98462,64.20335,91.94729,8.052709,35.79665,58.70769,9783134854.7056,542722.797491674
211,Mellen,3427,12,5508970,Unified,,,,,0,,,,,0,5615310669.35056,346393.859828641
212,Melrose-Mindoro,3428,4,5509000,Unified,11.78396,15.27778,83.33334,88.21604,80.18372,29.78723,77.85548,22.14452,70.21277,80.18372,5311308027.77134,560982.606840195
213,Menasha Joint,3430,6,5509030,Unified,4.194261,24.06015,60.90226,95.80574,97.29978,82.65531,75.09091,24.90909,17.34469,97.29978,254768468.653809,83157.213718306
214,Menominee Indian,3434,8,5509070,Unified,10.19737,35.48387,56.45161,89.80264,61.29032,70,85.80247,14.19753,30,54.43548,10245816956.6664,459250.895095292
215,Menomonee Falls,3437,1,5509060,Unified,,,,,0,,,,,0,627109590.264008,132939.723147848
216,Menomonie Area,3444,11,5509090,Unified,2.919347,25.42373,57.62712,97.08065,59.51119,79.15392,89.97555,10.02445,20.84608,57.77385,6908827232.37638,840956.536808185
217,Mequon-Thiensville,3479,1,5509130,Unified,0.07024939,,100,99.92975,79.32571,93.53706,97.82609,2.173913,6.462944,79.32571,1302548154.64391,158417.879198979
218,Mercer,3484,12,5509150,Unified,4.255319,25,75,95.74468,80.34188,57.44681,85,15,42.55319,80.34188,5155048298.39792,325608.108190859
219,Merrill Area,3500,9,5509210,Unified,4.462753,23.84615,57.69231,95.53725,93.06709,75.97403,92.34234,7.657658,24.02597,88.5623,15100469609.8902,646880.154992367
220,Merton Community,3528,1,5509360,Elementary,0.3546099,,33.33333,99.64539,95.37768,87.24672,92.52336,7.476635,12.75328,94.5885,357007669.421768,120041.612370964
221,Middleton-Cross Plains Area,3549,2,5509510,Unified,0.6080973,26.31579,57.89474,99.3919,84.56022,86.54185,93.10345,6.896552,13.45815,84.56022,2173547598.56249,478987.643502571
222,Milton,3612,2,5509570,Unified,1.411835,29.78723,53.19149,98.58817,95.52367,83.21571,95.2468,4.753199,16.78429,93.51507,3381294172.98752,350245.305675002
223,Milwaukee,3619,1,5509600,Unified,2.627258,33.33333,64.58334,97.37274,2.468786,77.14767,94.5946,5.405406,22.85233,2.406627,2692535930.09804,580820.91741126
224,Mineral Point Unified,3633,3,5509660,Unified,2.377622,29.41176,58.82353,97.62238,92.37726,76.24467,89.82036,10.17964,23.75533,90.82687,3727263607.20985,637431.238022086
225,Minocqua J1,3640,9,5509690,Elementary,2.857143,,100,97.14286,6.238859,57.14286,93.33334,6.666667,42.85714,6.238859,6955272953.95117,436499.405855412
226,Mishicot,3661,7,5509750,Unified,,,,100,0.1071811,100,,,,0.1071811,2816539318.46423,280248.877664572
227,Mondovi,3668,10,5509780,Unified,,,,,0,,,,,0,5214587803.61879,490371.698324827
228,Monona Grove,3675,2,5509810,Unified,,,,,0,,,,,0,666837474.106529,259304.690260224
229,Monroe,3682,2,5509840,Unified,2.318698,42.55319,48.93617,97.6813,86.9211,76.71717,94.36008,5.639913,23.28283,84.90566,4462255033.68529,622867.640025285
230,Montello,3689,5,5509870,Unified,,,,,0,,,,,0,4965029632.47557,474344.016665546
231,Monticello,3696,2,5509900,Unified,0.6097561,100,,99.39024,51.41066,74.84663,97.56097,2.439024,25.15337,51.09718,1806278402.4523,407192.825327997
232,Mosinee,3787,9,5509960,Unified,1.472254,15.38461,76.92308,98.52775,43.86488,84.50867,93.28358,6.716418,15.49133,42.97069,6537861452.09567,525136.55595772
233,Mount Horeb Area,3794,2,5509990,Unified,0.1135718,,50,99.88643,73.13123,87.22317,99.55556,0.4444444,12.77683,73.13123,4017849516.86625,514510.43177148
234,Mukwonago,3822,1,5510060,Unified,2.061212,70.70707,29.29293,97.93879,93.64398,89.36082,83.56165,16.43836,10.63918,93.64398,2423832155.73837,339706.84613792
235,Muskego-Norway,3857,1,5510170,Unified,0.1703577,25,75,99.82964,48.44234,80.28109,97.40821,2.591793,19.71891,48.44234,1208309428.48037,165886.48477801
236,Necedah Area,3871,5,5510230,Unified,,,,,0,,,,,0,6398840155.09554,498632.484653091
237,Neenah Joint,3892,6,5510320,Unified,0.7751938,,100,99.22481,1.943064,99.22481,100,,0.7751938,1.943064,1642832643.34024,253960.993091213
238,Neillsville,3899,10,5510350,Unified,,,,,0,,,,,0,7622255770.21535,476329.13524944
239,Nekoosa,3906,5,5510380,Unified,,,,,0,,,,,0,4540103354.55275,378389.883267669
240,New Auburn,3920,10,5510440,Unified,,,,,0,,,,,0,2445370330.80604,430387.468346207
241,New Berlin,3925,1,5510470,Unified,0.1550388,75,,99.84496,59.88858,93.75969,88.19876,11.80124,6.24031,59.88858,965572901.271538,135423.704973917
242,New Glarus,3934,2,5510500,Unified,1.336303,,75,98.6637,92.57732,77.18502,97.51244,2.487562,22.81498,90.82475,2149344961.46159,376501.023807734
243,New Holstein,3941,7,5510530,Unified,,,,,0,,,,,0,3623736537.41834,403953.142882623
244,New Lisbon,3948,5,5510560,Unified,3.636364,75,25,96.36364,17.85714,75.45454,77.77778,22.22222,24.54545,17.85714,3348556009.21947,472649.605122252
245,New London,3955,6,5510590,Unified,2.849315,15.38461,67.30769,97.15069,82.20721,71.21896,94.31373,5.686275,28.78104,79.81982,4256063611.42007,571476.022394652
246,New Richmond,3962,11,5510620,Unified,2.96084,41.93548,41.93548,97.03916,88.55371,62.60216,95.36713,4.632867,37.39784,86.2419,4249625406.6125,583601.93024286
247,Niagara,3969,8,5510680,Unified,8.230453,,70,91.76955,53.17287,67.90124,67.94872,32.05128,32.09877,53.17287,1987965910.25006,222612.701458102
248,Nicolet UHS,2177,1,5505490,Secondary,0.6311993,28.57143,71.42857,99.3688,99.55117,85.66243,96.20253,3.797468,14.33757,98.9228,459670032.200951,141992.828345419
249,Norris,3976,1,5510710,Unified,,,,,0,,,,,0,34618833.624279,34091.5011147001
250,North Cape,4690,2,5512510,Elementary,,,,,0,,,,,0,569600833.704935,191227.597416674
251,North Crawford,2016,3,5504980,Unified,4.511278,33.33333,41.66667,95.48872,67.34177,78.48605,88.88889,11.11111,21.51394,63.5443,4525855792.59195,781409.277879036
252,North Fond Du Lac,3983,6,5510740,Unified,3.402367,17.3913,58.69565,96.59763,85.73241,85.9339,87.43169,12.56831,14.0661,82.49841,791131240.117737,192974.745473281
253,North Lake,3514,1,5509300,Elementary,,,,,0,,,,,0,350236671.070808,127132.793528713
254,North Lakeland,0616,9,5501530,Elementary,2.040816,,100,97.95918,98,59.72222,94.82758,5.172414,40.27778,96,7453475807.70093,436892.989294048
255,Northern Ozaukee,1945,1,5504890,Unified,3.100775,11.11111,66.66666,96.89922,94.00809,77.65862,96.8,3.2,22.34138,90.60728,1742472527.99825,284328.769480074
256,Northland Pines,1526,9,5503860,Unified,4.213037,30.18868,60.37736,95.78696,90.05011,63.27504,90.25974,9.74026,36.72496,90.05011,13285745375.6087,648796.488654158
257,Northwood,3654,12,5509720,Unified,,,,,0,,,,,0,11686247956.4113,470418.55746894
258,Norwalk-Ontario-Wilton,3990,4,5510770,Unified,7.760141,40.90909,43.18182,92.23986,92.95082,66.73114,87.2093,12.7907,33.26886,84.7541,4126554079.60557,481466.693208874
259,Norway J7,4011,2,5510800,Elementary,,,,,0,,,,,0,242156340.703716,76532.1037464554
260,Oak Creek-Franklin Joint,4018,1,5510830,Unified,2.023558,20.89552,73.8806,97.97644,98.92441,89.7463,91.0162,8.9838,10.2537,98.92441,923435833.470657,169256.404656351
261,Oakfield,4025,6,5510860,Unified,2.339181,,91.66666,97.66082,90.79646,69.98051,92.20779,7.792208,30.01949,90.79646,1723072498.0843,323897.915652745
262,Oconomowoc Area,4060,1,5510890,Unified,3.578529,55.55556,44.44444,96.42147,9.874362,82.70378,77.0115,22.98851,17.29622,9.874362,3368077217.28642,458757.108035553
263,Oconto Falls Public,4074,8,5510950,Unified,4.188144,18.46154,44.61538,95.81186,91.78001,66.46424,97.38431,2.615694,33.53576,87.64045,4977589605.89874,577657.017990832
264,Oconto Unified,4067,8,5510920,Unified,,,,,0,,,,,0,2759561449.61444,376305.099578671
265,Omro,4088,6,5510980,Unified,5.607477,25,60,94.39252,95.36542,69.28429,92.23301,7.76699,30.71571,89.66132,2719788720.54291,499226.524124026
266,Onalaska,4095,4,5511010,Unified,1.493976,32.25806,58.06452,98.50603,66.95708,86.69879,91.30434,8.695652,13.3012,66.95708,396364333.041723,156793.033361448
267,Oostburg,4137,7,5511070,Unified,3.586498,17.64706,82.35294,96.41351,45.93023,70.25317,91.48936,8.510638,29.74684,45.93023,1138748755.4751,309344.913728089
268,Oregon,4144,2,5511100,Unified,1.966152,24.05063,68.35443,98.03384,95.84924,86.3116,88,12,13.6884,95.84924,2474174493.1498,449381.515085954
269,Osceola,4165,11,5511160,Unified,1.962111,27.58621,58.62069,98.03789,91.57373,63.39779,94.15094,5.849057,36.60221,89.715,3157145504.42743,451843.875510767
270,Oshkosh Area,4179,6,5511190,Unified,3.380925,53.71622,42.90541,96.61907,92.83215,82.34152,86.02846,13.97154,17.65848,92.83215,2941481477.63617,628602.036452009
271,Osseo-Fairchild,4186,10,5511220,Unified,,,,,0,,,,,0,8047769834.42842,816392.285345852
272,Owen-Withee,4207,10,5511310,Unified,15.69343,34.88372,44.18605,84.30657,58.1741,47.44526,72.22222,27.77778,52.55474,58.1741,4410610930.41626,480153.442481451
273,Palmyra-Eagle Area,4221,2,5511350,Unified,2.830189,33.33333,26.66667,97.16982,88.03986,76.36719,99.17355,0.8264463,23.63281,85.04984,2245384606.26978,331872.161391702
274,Pardeeville Area,4228,5,5511370,Unified,2.930403,37.5,54.16667,97.0696,97.03792,66.74847,92.98893,7.01107,33.25153,96.56398,2577966610.47227,405578.955556807
275,Paris J1,4235,2,5511400,Elementary,,,,,0,,,,,0,1029664465.2792,140842.013129589
276,Parkview,4151,2,5511130,Unified,6.908463,42.5,55,93.09154,68.52071,54.67128,85.49619,14.50382,45.32872,68.40237,3476437116.0329,463647.488168826
277,Pecatonica Area,0490,3,5501310,Unified,,,,,0,,,,,0,3204676188.67204,466995.142495615
278,Pepin Area,4270,11,5511580,Unified,,,,100,2.5,100,,,,2.5,2267311581.38351,274077.308041493
279,Peshtigo,4305,8,5511610,Unified,,,,,0,,,,,0,2460093034.12598,316778.337613154
280,Pewaukee,4312,1,5511640,Unified,0.3122831,22.22222,33.33333,99.68771,97.39777,89.56734,97.99331,2.006689,10.43266,96.85705,441163218.534828,119609.536811341
281,Phelps,4330,9,5511710,Unified,7.462687,60,40,92.53732,73.62637,77.61194,100,,22.38806,73.62637,3021097053.74103,265528.664240482
282,Phillips,4347,12,5511730,Unified,9.782609,94.44444,5.555555,90.21739,24.93225,50.54348,71.42857,28.57143,49.45652,24.93225,16368535145.5746,707912.700599103
283,Pittsville,4368,5,5511790,Unified,5.893186,28.125,68.75,94.10681,94.7644,67.84314,92.07317,7.926829,32.15686,89.00523,10248346817.0625,586443.400769473
284,Platteville,4389,3,5511850,Unified,7.156799,39.09091,44.54546,92.8432,97.1555,79.08451,89.22559,10.77441,20.91549,89.7598,4089337098.23007,550387.542897028
285,Plum City,4459,11,5511880,Unified,10.16949,,100,89.83051,69.68504,33.8983,64.10256,35.89743,66.10169,69.68504,2314902508.29728,379430.169030651
286,Plymouth Joint,4473,7,5511940,Unified,2.597403,28,56,97.4026,89.12037,77.10005,96.72897,3.271028,22.89995,86.52778,3503915679.24152,588300.57506337
287,Port Edwards,4508,5,5511970,Unified,1.438849,50,50,98.56115,62.19239,85.97122,89.74359,10.25641,14.02878,62.19239,1700959612.36853,245875.407507243
288,Port Washington-Saukville,4515,1,5512000,Unified,2.651881,,,97.34812,78.17565,51.90688,100,,48.09312,76.10252,867784971.687119,223636.644025911
289,Portage Community,4501,5,5512060,Unified,2.270012,26.31579,63.15789,97.72999,75.7809,78.97252,89.20454,10.79545,21.02748,75.7809,5885937876.72723,602119.416735524
290,Potosi,4529,3,5512090,Unified,1.369863,,50,98.63013,92.69841,74.64789,86.11111,13.88889,25.35211,90.15873,1813976715.26202,550860.971765293
291,Poynette,4536,5,5512120,Unified,,,,,0,,,,,0,2780929351.86573,354850.868242213
292,Prairie Du Chien Area,4543,3,5512150,Unified,5.358852,41.07143,42.85714,94.64115,97.57236,65.95959,89.91098,10.08902,34.04041,92.43697,2539634196.31093,426762.508357713
293,Prairie Farm Public,4557,11,5512180,Unified,6.535948,70,30,93.46405,38.34586,81.11888,92.59259,7.407407,18.88112,35.8396,2476205963.66694,484170.15147252
294,Prentice,4571,9,5512210,Unified,,,,,0,,,,,0,11682927321.9612,615519.455415956
295,Prescott,4578,11,5512240,Unified,,,,,0,,,,,0,2040413203.36818,278429.318597709
296,Princeton,4606,5,5512300,Unified,8.450705,41.66667,41.66667,91.54929,42.38806,54.92958,81.25,18.75,45.07042,42.38806,2527809782.5365,381249.205386708
297,Pulaski Community,4613,7,5512330,Unified,1.832669,50.72464,30.43478,98.16733,96.98609,85.46291,96.46182,3.538175,14.53709,95.15714,5130328870.49213,678656.80694538
298,Racine Unified,4620,1,5512360,Unified,8.487038,7.75076,53.34346,91.51296,44.93711,91.33239,2.380952,97.61905,8.667612,44.93711,2815662879.67345,215407.385663769
299,Randall J1,4627,2,5512390,Elementary,2.015504,38.46154,53.84615,97.9845,94.85294,81.6879,91.30434,8.695652,18.3121,92.35294,485357129.290958,178836.756167242
300,Randolph,4634,5,5512420,Unified,6.903766,42.42424,33.33333,93.09624,89.84962,59.375,96.7033,3.296703,40.625,84.21053,1677737957.33923,448061.551462953
301,Random Lake,4641,7,5512450,Unified,3.508772,20,80,96.49123,40.54054,55.78947,82.53968,17.46032,44.21053,40.54054,2549610060.72902,373912.868412665
302,Raymond #14,4686,2,5512480,Elementary,,,,,0,,,,,0,863352043.931454,134661.575162654
303,Reedsburg,4753,5,5512660,Unified,3.435115,37.77778,44.44444,96.56489,95.58556,84.54509,93.31619,6.683805,15.45491,91.8278,6728052655.04601,769624.188738138
304,Reedsville,4760,7,5512690,Unified,,,,,0,,,,,0,3109936849.97736,397222.119859692
305,Rhinelander,4781,9,5512720,Unified,2.570093,27.27273,72.72727,97.42991,18.25939,67.05608,92.9078,7.092198,32.94392,18.25939,10727983065.6844,760849.349974745
306,Rib Lake,4795,9,5512780,Unified,8.936171,,35.71429,91.06383,89.69466,34.81308,99.28316,0.7168459,65.18691,81.67939,7887905186.38028,503712.862533709
307,Rice Lake Area,4802,11,5512810,Unified,2.779263,26.92308,50,97.22074,83.90134,79.29825,91.86441,8.135593,20.70175,63.90134,6594557544.50554,559435.353239103
308,Richland,4851,3,5512960,Unified,4.766187,28.30189,52.83019,95.23381,91.07289,73.93768,95.65218,4.347826,26.06232,86.73219,7294268751.70045,1012939.80286098
309,Richmond,3122,1,5508130,Elementary,,,,,0,,,,,0,180863325.604309,65746.1968077757
310,Rio Community,4865,5,5512990,Unified,1.659751,50,,98.34025,63.089,68.08511,98.66666,1.333333,31.91489,61.51833,2105438450.22018,366277.183011831
311,Ripon Area,4872,6,5513020,Unified,3.519553,39.68254,47.61905,96.48045,98.56828,77.82123,84.13098,15.86902,22.17877,98.56828,3133856638.37032,560755.520229362
312,River Falls,4893,11,5513050,Unified,2.26087,21.15385,51.92308,97.73913,64.80699,76.13043,82.69581,17.30419,23.86957,64.80699,3996923666.70462,456347.056807594
313,River Ridge,4904,3,5500017,Unified,3.114187,77.77778,,96.88581,52.9304,63.57143,89.21568,10.78431,36.42857,51.28205,5859279705.08197,774724.522630533
314,River Valley,5523,3,5514250,Unified,1.438159,26.66667,53.33333,98.56184,92.30089,72.23852,96.47887,3.521127,27.76149,90.53098,8337429574.25212,1015213.33544893
315,Riverdale,3850,3,5510140,Unified,4.754601,45.16129,45.16129,95.2454,96.87965,66.45161,94.23077,5.769231,33.54839,92.12482,5546487384.35715,775669.113007188
316,Rosendale-Brandon,4956,6,5513100,Unified,,,,100,0.1010101,100,,,,0.1010101,3601278365.68675,569825.022586764
317,Rosholt,4963,5,5513140,Unified,,,,,0,,,,,0,4315532780.51459,455163.128373574
318,Royall,1673,4,5504380,Unified,,,,,0,,,,,0,3315715382.84196,537011.264163838
319,Saint Croix Central,2422,11,5506060,Unified,3.099511,17.54386,59.64912,96.90049,90.54653,71.4846,95.87426,4.125737,28.51541,87.88774,2381738762.95761,394319.935234379
320,Saint Croix Falls,5019,11,5513230,Unified,5.211406,50.9434,33.96227,94.7886,90.96601,70.82097,78.64407,21.35593,29.17903,90.42934,4177688360.55083,642699.72232503
321,Saint Francis,5026,1,5513260,Unified,1.408451,100,,98.59155,6.736243,87.14286,88.88889,11.11111,12.85714,6.641366,71501630.9225464,47658.121887008
322,Salem,5068,2,5513350,Elementary,2.296451,40.90909,40.90909,97.70355,92.38187,84.30108,93.83562,6.164383,15.69893,89.68178,501282385.325592,121184.089526924
323,Sauk Prairie,5100,5,5513410,Unified,2.665206,53.42466,41.09589,97.33479,97.89135,76.05214,90.82426,9.175738,23.94786,95.9614,6578279768.44594,749502.049236964
324,Seneca Area,5124,3,5513470,Unified,7.623318,5.882353,82.35294,92.37668,87.45098,48.11321,96.36364,3.636364,51.88679,83.13725,3363059588.93583,916407.119034787
325,Sevastopol,5130,7,5513500,Unified,,,,,0,,,,,0,3270433065.29407,307364.295582348
326,Seymour Community,5138,7,5513530,Unified,,,,,0,,,,,0,4654765302.77701,440674.618673673
327,Sharon J11,5258,2,5513560,Elementary,3.333333,16.66667,83.33334,96.66666,83.72093,89.41177,83.33334,16.66667,10.58823,79.06977,542828948.564823,138345.694083917
328,Shawano,5264,8,5513620,Unified,5.301314,27.35043,54.70086,94.69868,93.99489,72.75307,86.63194,13.36806,27.24693,90.03407,4665048987.75742,564286.232277254
329,Sheboygan Area,5271,7,5513650,Unified,2.761965,33.20611,50.76336,97.23804,96.04131,84.31373,88.26816,11.73184,15.68627,92.42685,1424785864.7207,597898.080929331
330,Sheboygan Falls,5278,7,5513680,Unified,3.134796,40,50,96.8652,19.46309,62.69593,94.95798,5.042017,37.30407,19.46309,1546871237.60706,331513.324836468
331,Shell Lake,5306,11,5513710,Unified,4.100228,16.66667,72.22222,95.89977,68.91679,56.35104,86.77248,13.22751,43.64896,67.97488,4359281310.1119,429159.809486155
332,Shiocton,5348,6,5513770,Unified,6.092125,14.63415,46.34146,93.90788,91.19241,62.46057,93.69748,6.302521,37.53943,85.90786,3044619862.08087,375063.30896645
333,Shorewood,5355,1,5513800,Unified,,,,,0,,,,,0,45484855.1345749,29913.6271964921
334,Shullsburg,5362,3,5513830,Unified,4.40678,15.38461,46.15385,95.59322,90.76923,70.38328,83.52941,16.47059,29.61672,88.30769,2670540978.02357,558587.058790662
335,Silver Lake J1,5369,2,5513860,Elementary,1.573034,57.14286,42.85714,98.42696,91.37577,84.5977,91.04478,8.955224,15.4023,89.32238,146236829.772396,64415.8653550272
336,Siren,5376,11,5513890,Unified,8.333333,54.83871,35.48387,91.66666,85.3211,60.75269,76.0274,23.9726,39.24731,85.3211,3084729367.16943,313086.95693319
337,Slinger,5390,6,5513950,Unified,1.330724,8.823529,55.88235,98.66927,75.10288,86.20965,97.39884,2.601156,13.79035,73.75073,2194153128.93997,286312.629323067
338,Solon Springs,5397,12,5513980,Unified,3.629032,33.33333,66.66666,96.37096,77.01863,57.98319,92,8,42.01681,73.91304,4441558513.68124,326449.677475067
339,Somerset,5432,11,5514010,Unified,,,,,0,,,,,0,1661143878.05875,517767.922863582
340,South Milwaukee,5439,1,5514040,Unified,2.503294,61.40351,33.33333,97.4967,78.54433,79.13922,84.42105,15.57895,20.86078,78.54433,134314351.617367,51402.5146323629
341,South Shore,4522,12,5512030,Unified,6.818182,33.33333,33.33333,93.18182,96.17487,84.93976,88,12,15.06024,90.71038,8122229054.81689,508755.149688038
342,Southern Door County,5457,7,5514130,Unified,9.279778,32.83582,43.28358,90.72022,71.063,52.90859,80.58823,19.41176,47.09141,71.063,5480948788.69208,474807.388832441
343,Southwestern Wisconsin,2485,3,5506300,Unified,2.317881,42.85714,57.14286,97.68212,55.82255,77.31959,93.93939,6.060606,22.68041,53.78928,1589329003.9809,346751.478917543
344,Sparta Area,5460,4,5514160,Unified,4.205607,44.44444,55.55556,95.7944,21.25828,79.44535,92.85714,7.142857,20.55465,20.29801,8082171957.42633,693110.989558654
345,Spencer,5467,10,5514190,Unified,,,,,0,,,,,0,2238755500.78787,256249.538365325
346,Spooner Area,5474,11,5514220,Unified,5.22541,19.60784,43.13726,94.77459,90.45412,60.54054,91.23288,8.767123,39.45946,85.72752,14612215909.8752,820847.359456126
347,Spring Valley,5586,11,5514340,Unified,,,,,0,,,,,0,3053323013.02484,583203.996734336
348,Stanley-Boyd Area,5593,10,5514430,Unified,4.225352,30,66.66666,95.77465,66.72932,61.62791,90.15151,9.848485,38.37209,64.66165,5216580040.58636,506410.541909213
349,Stevens Point Area Public,5607,5,5514490,Unified,0.9677987,12.72727,30.90909,99.0322,79.72784,81.79492,94.37838,5.621622,18.20508,71.28226,10729923825.344,698831.902369637
350,Stockbridge,5614,7,5514520,Unified,,,,,0,,,,,0,761186425.906525,331711.639673391
351,Stone Bank,3542,1,5509390,Elementary,,,,100,93.18182,82.16783,88.23529,11.76471,17.83217,92.85714,311749416.300598,116554.699202178
352,Stoughton Area,5621,2,5514550,Unified,5.815673,31.35593,56.77966,94.18433,71.62019,71.95663,81.19508,18.80492,28.04337,71.62019,3144199311.99508,469399.02231908
353,Stratford,5628,9,5514580,Unified,3.329065,11.53846,46.15385,96.67094,94.55206,71.12861,94.09091,5.909091,28.87139,92.25182,3234164930.14795,396113.558857552
354,Sturgeon Bay,5642,7,5514610,Unified,1.669449,50,50,98.33055,55.41166,72.87853,93.25153,6.748466,27.12146,55.59667,248177708.348145,197699.624709648
355,Sun Prairie Area,5656,2,5514640,Unified,,,,,0,,,,,0,2239256964.7021,307664.857306379
356,Superior,5663,12,5514670,Unified,2.953813,46.36364,46.36364,97.04619,85.66827,80.74651,86.33194,13.66806,19.25349,85.66827,11322858374.0806,494873.233205061
357,Suring Public,5670,8,5514700,Unified,6.101695,22.22222,50,93.89831,86.76471,46.35036,91.15646,8.843537,53.64964,80.58823,8436180229.1275,513155.289353065
358,Swallow,3510,1,5509240,Elementary,,,,100,97.91232,99.57356,100,,0.4264392,97.91232,166358957.517242,96642.7355476236
359,Thorp,5726,10,5514820,Unified,5.645161,9.523809,66.66666,94.35484,66.66666,61.64773,93.33334,6.666667,38.35227,63.08244,4359217341.68249,477447.457908613
360,Three Lakes,5733,9,5514850,Unified,8.602151,34.375,43.75,91.39785,73.22835,54.56989,76.92308,23.07692,45.43011,73.22835,8478206328.4278,592964.034332786
361,Tigerton,5740,8,5514880,Unified,,,,,0,,,,,0,2710813071.73114,326942.086064337
362,Tomah Area,5747,4,5514910,Unified,,,,,0,,,,,0,13005637036.9124,813143.581574675
363,Tomahawk,5754,9,5514940,Unified,4.424779,22.22222,71.11111,95.57522,83.42904,63.73851,90.14085,9.859155,36.26149,80.31173,11845777593.8695,674063.169400729
364,Tomorrow River,0126,5,5500330,Unified,1.446655,50,50,98.55334,44.45338,83.60957,95.50562,4.494382,16.39042,43.64952,2775995647.97754,350153.068047241
365,Trevor-Wilmot Consolidated,5780,2,5500052,Elementary,0.845666,,25,99.15434,95.55556,88.27292,94.54546,5.454545,11.72708,94.74747,300282053.593151,99341.9964276592
366,Tri-County Area,4375,5,5511820,Unified,4.950495,40,56,95.04951,87.9791,69.66528,89.65517,10.34483,30.33473,83.27526,6125503431.95488,551474.5424889
367,Turtle Lake,5810,11,5515060,Unified,9.337349,58.06452,32.25806,90.66265,70.48832,64.85623,89.09091,10.90909,35.14377,66.45435,3156941373.76154,469328.530305776
368,Twin Lakes #4,5817,2,5515090,Elementary,,,,,0,,,,,0,118599898.816921,70798.5712490176
369,Two Rivers Public,5824,7,5515120,Unified,2.055336,57.69231,30.76923,97.94466,71.91586,85.67981,90.44944,9.550562,14.32019,70.66515,806831182.058563,158665.360722816
370,Union Grove J1,5859,2,5515180,Elementary,1.388889,25,50,98.61111,31.75303,92.83154,95,5,7.168459,30.76075,302426963.87795,86097.4244907525
371,Union Grove UHS,5852,2,5515150,Secondary,0.4197272,,75,99.58028,96.35996,79.57672,95.33678,4.663212,20.42328,95.55106,2330962284.34054,238068.534078899
372,Unity,0238,11,5500750,Unified,7.375886,53.84615,46.15385,92.62411,73.51408,69.3617,83.7963,16.2037,30.6383,73.51408,4108519397.67509,478689.245694597
373,Valders Area,5866,7,5515210,Unified,1.696713,31.25,68.75,98.30328,93.9243,71.38194,93.53613,6.463878,28.61806,91.53387,3295000523.74344,380594.590438824
374,Verona Area,5901,2,5515330,Unified,1.287313,33.33333,60.86956,98.71268,91.35844,92.12687,89.57346,10.42654,7.873134,91.35844,1502474183.35029,367194.59686869
375,Viroqua Area,5985,4,5515360,Unified,2.279635,13.33333,60,97.72037,61.90028,82.6291,96.39639,3.603604,17.37089,60.11289,5262694539.21159,673996.95128695
376,Wabeno Area,5992,8,5515390,Unified,6.25,,100,93.75,16.75393,39.0625,87.17949,12.82051,60.9375,16.75393,9769845067.93213,557770.560151264
377,Walworth J1,6022,2,5515450,Elementary,3.935185,23.52941,52.94118,96.06481,96.42857,80.67633,93.75,6.25,19.32367,92.41071,763917321.207954,183837.872785106
378,Washburn,6027,12,5515540,Unified,,,,,0,,,,,0,5189898752.20145,380373.739030838
379,Washington-Caldwell,6104,2,5515700,Elementary,,,,100,98.9418,80.21391,97.29729,2.702703,19.7861,98.9418,263219934.680475,134925.69291042
380,Washington Island,6069,7,5515570,Unified,,,,,0,,,,,0,707892711.48584,288400.39928591
381,Waterford Graded J1,6113,2,5515660,Elementary,2.296451,21.21212,60.60606,97.70355,93.86022,83.82038,88.98679,11.01322,16.17962,91.63945,1343433197.75742,370699.747040285
382,Waterford UHS,6083,2,5515600,Secondary,,,,100,4.624872,57.77778,100,,42.22222,4.624872,2418436756.00284,307725.558501964
383,Waterloo,6118,2,5515720,Unified,2.635229,15.78947,63.15789,97.36477,90.35088,74.60545,95.48022,4.519774,25.39455,87.34336,2336467342.14085,342620.660946548
384,Watertown Unified,6125,2,5515750,Unified,6.340154,28.57143,58.73016,93.65984,88.32593,76.95061,85.86957,14.13043,23.04939,82.78519,4580980383.63777,786492.320108132
385,Waukesha,6174,1,5515780,Unified,,,,100,0.00799105,100,,,,0.00799105,1967442206.13559,257493.998585807
386,Waunakee Community,6181,2,5515810,Unified,0.9199632,40,25,99.08004,96.77276,84.26863,91.95906,8.040936,15.73137,96.77276,1585504887.84001,336779.831965349
387,Waupaca,6195,5,5515840,Unified,6.284565,39.2,49.6,93.71543,96.5534,73.90649,81.11753,18.88247,26.09351,96.5534,4429802835.14233,404155.000984675
388,Waupun,6216,6,5515870,Unified,2.443992,25,50,97.55601,99.14185,77.18941,86.38393,13.61607,22.81059,99.14185,4928616808.94234,596524.413358346
389,Wausau,6223,9,5515900,Unified,0.8130081,100,,99.18699,1.5033,70.7317,30.55556,69.44444,29.26829,1.5033,7214789477.11258,499429.556465153
390,Wausaukee,6230,8,5515930,Unified,2.657807,12.5,87.5,97.34219,77.57732,16.94352,99.6,0.4,83.05648,77.57732,11739645605.894,712441.514346747
391,Wautoma Area,6237,5,5515960,Unified,5.037037,30.88235,58.82353,94.96296,100,72.07407,81.69761,18.30239,27.92593,100,4897964259.79231,474944.113995513
392,Wauwatosa,6244,1,5515990,Unified,1.09218,16,76,98.90782,31.79167,91.00043,89.80582,10.19417,8.999563,31.79167,368692184.30294,151924.693981673
393,Wauzeka-Steuben,6251,3,5516020,Unified,5.084746,50,16.66667,94.91525,98.33334,62.99559,90.47619,9.523809,37.00441,94.58334,2647073726.90101,494324.176037951
394,Webster,6293,11,5516230,Unified,10.69418,42.10526,52.63158,89.30582,80.03003,63.42495,93.64162,6.358381,36.57505,71.02102,13634523185.9719,678232.922487553
395,West Allis-West Milwaukee,6300,1,5516260,Unified,3.820646,38.86792,47.54717,96.17935,92.28313,81.25375,89.68,10.32,18.74625,88.7174,384420116.524117,134360.200468176
396,West Bend,6307,6,5516290,Unified,1.44449,25.71428,45.71429,98.55551,78.96366,88.45344,94.52555,5.474452,11.54657,77.33421,2800246535.72714,283300.482646797
397,West De Pere,6328,7,5516320,Unified,1.397206,38.09524,42.85714,98.60279,41.77321,85.76181,79.43925,20.56075,14.23819,41.77321,1304947713.54056,225776.373834802
398,West Salem,6370,4,5516350,Unified,2.088167,25,63.88889,97.91183,93.18919,78.13428,93.75,6.25,21.86572,90.97298,2642081851.45043,399371.107807416
399,Westby Area,6321,4,5516410,Unified,1.98939,20,66.66666,98.01061,73.63281,81.91633,92.53732,7.462687,18.08367,72.36328,4753210554.37723,859921.643187616
400,Westfield,6335,5,5516440,Unified,4.455446,22.22222,69.44444,95.54456,75.51402,76.07843,86.3388,13.6612,23.92157,71.49533,8005091655.98247,827374.138608726
401,Weston,6354,3,5516470,Unified,5.02092,8.333333,83.33334,94.97908,89.17911,68.91892,100,,31.08108,82.83582,2757621674.20239,524205.023376182
402,Weyauwega-Fremont,6384,6,5516500,Unified,5.920206,30.43478,43.47826,94.0798,94.06779,64.20765,91.22137,8.778625,35.79235,88.61986,4207825869.5242,515667.062111684
403,Wheatland J1,6412,2,5516560,Elementary,,,,,0,,,,,0,879645726.586126,167571.633833289
404,White Lake,6440,8,5516590,Unified,,,,,0,,,,,0,5298642502.37714,383621.015506836
405,Whitefish Bay,6419,1,5516620,Unified,0.2388535,33.33333,66.66666,99.76115,43.08748,93.12,96.51163,3.488372,6.88,42.88165,58697763.2338104,41489.3357267911
406,Whitehall,6426,4,5516650,Unified,3.783784,47.61905,38.09524,96.21622,69.63614,84.67153,67.85714,32.14286,15.32847,68.75784,3898961508.60596,617439.45889009
407,Whitewater Unified,6461,2,5516680,Unified,,,,,0,,,,,0,3813298051.52456,405765.852518327
408,Whitnall,6470,1,5506000,Unified,0.5982513,30.76923,69.23077,99.40175,89.05738,92.63691,91.875,8.125,7.363092,89.05738,226872185.675663,97677.796017467
409,Wild Rose,6475,5,5516710,Unified,1.724138,,33.33333,98.27586,29.74359,56.57143,94.73684,5.263158,43.42857,29.91453,4017088978.93277,541792.464107636
410,Williams Bay,6482,2,5516740,Unified,,,,,0,,,,,0,286524682.433548,117102.622359332
411,Wilmot UHS,6545,2,5516770,Secondary,1.025057,55.55556,11.11111,98.97495,95.95628,81.84971,93.63057,6.369427,18.15029,94.53552,1348061177.55558,173702.621197964
412,Winneconne Community,6608,6,5516830,Unified,2.864418,33.33333,57.77778,97.13558,86.12939,72.51808,94.01914,5.980861,27.48192,83.38816,3611333078.54358,450728.812769669
413,Winter,6615,12,5516860,Unified,18.18182,50,50,81.81818,12.89063,15.15152,82.14286,17.85714,84.84849,12.89063,18463490835.2222,653672.102637192
414,Wisconsin Dells,6678,5,5517040,Unified,2.833078,27.02703,56.75676,97.16692,70.55646,79.77795,92.15686,7.843137,20.22205,68.12534,5207500163.71207,555127.37293431
415,Wisconsin Heights,0469,2,5501230,Unified,0.5347593,50,25,99.46524,99.20425,77.85235,98.18182,1.818182,22.14765,98.80637,2910827816.32306,519483.520823189
416,Wisconsin Rapids,6685,5,5517070,Unified,2.390618,31.13208,52.83019,97.60938,89.70261,83.4258,87.16876,12.83124,16.5742,87.5177,6597463119.40698,514428.620032614
417,Wittenberg-Birnamwood,6692,8,5517100,Unified,3.315508,16.12903,64.51613,96.68449,81.73077,67.52519,92.75862,7.241379,32.4748,78.05944,7020897494.53931,449189.019825231
418,Wonewoc-Union Center,6713,4,5517130,Unified,4.956268,52.94118,23.52941,95.04373,95.81006,72.07207,81.72043,18.27957,27.92793,93.01676,2613914667.30989,683605.753076869
419,Woodruff J1,6720,9,5517160,Elementary,,,,,0,,,,,0,2998804800.67538,301138.639063748
420,Wrightstown Community,6734,7,5517190,Unified,5.555555,50,25,94.44444,5.454545,88.23529,87.5,12.5,11.76471,5.151515,2232754527.92059,360332.209106675
421,Yorkville J2,6748,2,5517220,Elementary,0.5830904,50,50,99.41691,78.13212,76.53959,98.75,1.25,23.46041,77.67654,795930088.840816,148866.109951751
